original_id,mapped_id,text,type,answer,analysis,difficulty,hint,title
2,0,A __________ is a collection of distinct elements.,choice,Set,A set is a collection of distinct elements.,1,nan,Q1-1
3,1,The set that consists of all odd positive integers less than 10 is represented by _____________.,choice,"{1, 3, 5, 7, 9}","Odd numbers less than 10 is {1, 3, 5, 7, 9}.",1,nan,Q1-2
4,2,"What is the Cartesian product of A = {1, 2} and B = {a, b}?",choice,"{(1, a), (2, a), (1, b), (2, b)}","A × B = {(1, a), (2, a), (1, b), (2, b)}.",1,Cartesian product A×B is the set of all possible combinations of values from A and B.,Q1-3
5,3,The Cartesian product B x A is always equal to the Cartesian product A x B. Is it true or false?,choice,False,"Let A = {1, 2} and B = {a, b}. The Cartesian product A x B = {(1, a), (1, b), (2, a), (2, b)} and the Cartesian product B x A = {(a, 1), (a, 2), (b, 1), (b, 2)}.",2,nan,Q1-4
6,4,The cardinality of a set is the number of elements of the set. What is the cardinality of the set of odd positive integers less than 10?,choice,5,"Set S, comprising all odd positive integer less than 10, is {1, 3, 5, 7, 9}. Then, the cardinality of set S = |S| is 5.",1,"Set S, comprising all odd positive integer less than 10, is {1, 3, 5, 7, 9}.",Q1-5
7,5,Which of the following two sets are equal?,choice,"A = {1, 2, 3} and B = {2, 1, 3}",nan,1,Two sets are equal if and only if they have the same elements. The order of the elements does not matter!,Q1-6
8,6,"If A × B = {(p, x), (p, y), (q, x), (q, y)}, then A = _____and B = ______.",choice,"A = {p, q} and B = {x, y}","A is a set of all first entries in ordered pairs in A × B.  B is a set of all second entries in ordered pairs in A × B. 
Thus A = {p, q} and B = {x, y}",2,nan,Q1-7
9,7,"If A = {2, 3, 4, 5}, B = {4, 5, 6, 7}, C = {6, 7, 8, 9}, D = {8, 9, 10, 11}, then A - B=___________.",choice,"{2,3}",nan,1,A ˗ B is the set of elements that are in A but not in B.,Q1-8
10,8,"If A = {2, 3, 4, 5}, B = {4, 5, 6, 7}, C = {6, 7, 8, 9}, D = {8, 9, 10, 11}, then A - (A ∩ B)=________.",choice,"{2,3}",nan,2,nan,Q1-9
11,9,"If A = {2, 3, 4, 5}, B = {4, 5, 6, 7}, C = {6, 7, 8, 9}, D = {8, 9, 10, 11}, then (A ∪ B) ∪ C=_________.",choice,"{2, 3, 4, 5, 6, 7, 8, 9}",nan,2,A ∪B ∪C is the set of elements that are in A or in B or in C.,Q1-10
12,10,"If A = {2, 3, 4, 5}, B = {4, 5, 6, 7}, C = {6, 7, 8, 9}, D = {8, 9, 10, 11}, then (A ∪ B) ∩ C=___________.",choice,"{6, 7}",nan,2,A ∪B is the set of elements that are in A or in B. (A ∪B) ∩ C is the set of elements that are in (A ∪B) and in C.,Q1-11
13,11,"If A = {2, 3, 4, 5}, B = {4, 5, 6, 7}, C = {6, 7, 8, 9}, D = {8, 9, 10, 11}, then (A - D) ∩ (B - C)=__________.",choice,"{4,5}",nan,2,nan,Q1-12
14,12,"If A and B are two sets, and A × B consists of 6 elements: If three elements of A × B are (2, 5) (3, 7) (4, 7) then A × B=____.",choice,"{(2, 5), (2, 7), (3, 5), (3, 7), (4,5), (4,7)}","Since, (2, 5) (3, 7) and (4, 7) are elements of A × B. 
So, we can say that 2, 3, 4 are the elements of A and 5, 7 are the elements of B. 
So, A = {2, 3, 4} and B = {5, 7} 
Now, A × B = {(2, 5); (2, 7); (3, 5); (3, 7); (4, 5); (4, 7)} 
Thus, A × B contain six ordered pairs.",3,"Assume (2,5) ∈ A × B then 2∈A, 5∈B.",Q1-13
15,13,"Set A, B, and C are defined as follows: A = {2,3,4,5,6,7, 8, 9}, B = {3,5,7}, C = {3,5,7,9}. Select true or false for the following statement. (A ∪ C) ⊂ B =__________.",choice,False,nan,2,"(A ∪C) is the set of elements that are in A or in C. 
(A ∪C) is a subset of B if every element of (A ∪C) is in B.",Q1-14
16,14,"Set A, B, and C are defined as follows: A = {2,3,4,5,6,7, 8, 9}, B = {3,5,7}, C = {3,5,7,9}. Select true or false for the following statement. B ⊂ (A ∪ B)=_________.",choice,True,nan,2,"(A ∪B) is the set of elements that are in A or in B.
B is a subset of (A ∪B)  if every element of B is in (A ∪B).",Q1-15
17,15,"Set A, B, and C are defined as follows: A = {2,3,4,5,6,7, 8, 9}, B = {3,5,7}, C = {3,5,7,9}. Select true or false for the following statement. B ⊄ (A ∩ C)=____________.",choice,False,nan,2,nan,Q1-16
18,16,"Let A = {1, 2, 3} and B = {1, 2, 5}, then (A - B) ∪ (B - A)= _______.",choice,"{3,5}",nan,2,nan,Q1-17
19,17,"If S = {1,2} and T = {1,2,3}, then S x S =_______.",choice,"{(1,1), (1,2), (2,1), (2,2)}",nan,1,nan,Q1-18
20,18,"If S = {1,2} and T = {1,2,3}, then S x (T - S) =____________.",choice,"{(1,3), (2,3)}",nan,2,"(T -S) is the set of elements that are in T but not in S.
Cartesian product S× (T -S)  is the set of all possible combinations of values from S and (T -S).",Q1-19
21,19,"If S = {1,2} and T = {1,2,3}, then (S x T) - (S x S) is________.",choice,"{(1,3), (2,3)}",nan,2,nan,Q1-20
22,20,"If A = {1, 2, 3} and A ∩ B = {2, 3}, then the number of elements in B cannot be________.",choice,1,nan,3,nan,Q1-21
23,21,In which of the following set definitions is A - B equal to B – A?,choice,"A = {1, 2, 3}, B = {2, 3, 1}",A – B = B - A = Empty Set.,2,"Two sets are equal if and only if they have the same elements.
Two empty sets are always equal.",Q1-22
24,22,The shaded area of the figure is best described by _________,choice,A ∩ B,The region is A intersection B.,1,nan,Q1-23
25,23,The shaded area of the figure is best described by,choice,(A U B) -B,The region is A - B or (A U B) - B.,2,nan,Q1-24
26,24,The shaded area of the figure is best described by,choice,(A U B) – (A ∩ B),The region is (A U B) – (A ∩ B) or (A - B) U (B - A).,2,nan,Q1-25
27,25,The shaded area of the figure is best described by,choice,B – A – C,The region is B-A-C or B-C-A.,2,nan,Q1-26
28,26,"The cardinality of a set, |X|, is the number of elements of the set X. If |A| = 3 and |B| = 2. then |A x B| =__________.",choice,6,"|A| = 3, |B| = 2, |A x B| = |A| * |B| = 6.",1,Cartesian product A×B is the set of all possible combinations of values from A and B.,Q1-27
29,27,"The cardinality of a set, |X|, is the number of elements of the set X. If |A| = 10, |B| = 5, and |A ∩ B| = 2, then |A U B|=__________.",choice,13,10 + 5 – 2 = 13.,2,nan,Q1-28
30,28,"If A = {1,2}, B = {a,b}, C = {1,2,3}, and D = {a,b,c}, then (C x D) – (A x B) = _________.",choice,"{(1,c) ,(2,c),(3,a),(3,b),(3,c)}","A x B = {(1,a), (1,b) , (2,a) , (2,b)}
C x D = {(1,a),(1,b),(1,c),(2,a),(2,b),(2,c),(3,a),(3,b),(3,c)}
C x D - A x B = {(1,c) ,(2,c),(3,a),(3,b),(3,c)}",2,nan,Q1-29
31,29,"If A = {1,2}, B = {a,b}, C = {1,2,3}, and D = {a,b,c}, then A ⊆ A x B=__________.",choice,False,nan,2,nan,Q1-30
32,30,"If A = {1,2}, B = {a,b}, C = {1,2,3}, and D = {a,b,c}, then B ⊆ B x B =_________.",choice,False,nan,2,"Cartesian product B×B is the set of all possible combinations of values from B and B.
B is a subset of ( B×B) if every element of B is in (B×B).",Q1-31
33,31,"If A = {1,2}, B = {a,b}, C = {1,2,3}, and D = {a,b,c}, then (A x A) ⊆ (C x C) =____________.",choice,True,nan,2,nan,Q1-32
34,32,"If A = {1,2}, B = {a,b}, C = {1,2,3}, and D = {a,b,c}, then A x A ⊆ A x C =__________.",choice,True,nan,2,nan,Q1-33
35,33,"If A = {1,2}, B = {a,b}, C = {1,2,3}, and D = {a,b,c}, then A x B ⊆ C x D=_________.",choice,True,nan,2,nan,Q1-34
36,34,"In the relational data model, a table is considered as____________.",choice,Relation,nan,1,nan,Q2-1
37,35,_________ is the sets of all possible values for an attribute.,choice,Domain,nan,1,nan,Q2-2
38,36,An attribute is a __________ in a table in the relational data model.,choice,Column,An attribute is a column in a table. A tuple is a row in a table.,1,nan,Q2-3
39,37,The term _______ is used to refer to a row in the relational data model.,choice,Tuple,Tuple is one entry of the relation with several attributes which are fields.,1,nan,Q2-4
40,38,"Consider a relation schema Course(courseID,courseName,semester). Here the courseID, courseName and semester are __________.",choice,Attributes,"The relation course has three attributes: courseID, courseName and semester",1,A relation schema has a relation name and a list of attributes.,Q2-5
41,39,The order of tuples in a relation is ____. The order of attributes in a relation is _________.,choice,Not important; Important,nan,1,nan,Q2-6
42,40,Which one of the following is a set of one or more attributes taken collectively to uniquely identify a tuple?,choice,Superkey,Super key is the superset of all the keys in a relation.,1,nan,Q2-7
43,41,"In the relational data model, a _________ is used to enforce referential integrity between two tables.",choice,Foreign key,nan,1,nan,Q2-8
44,42,Choose the correct statement regarding superkeys,choice,A superkey is an attribute or a set of attributes that can uniquely identify a tuple in a relation,A superkey is an attribute or a set of multiple attributes that can uniquely identify a tuple. It is used to differentiate between tuples.,1,nan,Q2-9
45,43,"If a relation has a foreign key, then it is called a ______ relation of the foreign key dependency.",choice,Referencing,"If a relation has a foreign key, then it is called a referencing relation of the foreign key dependency.",1,nan,Q2-10
46,44,"If {a,b} is a superkey in R(a,b,c), then________________.",choice,"{a,b,c} must not be a candidate key",nan,2,"A subset of the attributes of a relation schema R is a superkey if it uniquely identifies any tuple in r (R).
A superkey K is called a candidate key if no proper subset of K is a superkey.",Q2-11
47,45,"If {a,b} is a superkey in R(a,b,c), then",choice,"{a,b,c} must be a superkey",nan,2,nan,Q2-12
48,46,"If {a,b} is a candidate key in R(a,b,c), then___________.",choice,"{a,b,c} must be a superkey",nan,3,nan,Q2-13
49,47,"If {a} is a superkey key in R(a,b,c), then_______________.",choice,{a} must be a candidate key,nan,2,nan,Q2-14
50,48,Which of the following is true?,choice,A candidate key is always a superkey,nan,1,"A subset of the attributes of a relation schema R is a superkey if it uniquely identifies any tuple in r (R).
A superkey K is called a candidate key if no proper subset of K is a superkey.
The primary key is chosen from the candidate keys and the primary key is one of the candidate keys.",Q2-15
51,49,Which of the following data types is not supported in PostgreSQL?,choice,String(n),"PostgreSQL does not support String(n) but it supports char, varchar, and Bit.",1,nan,Q2-16
52,50,Which of the following commands is used to create a new relation in PostgreSQL?,choice,create table(…),"We use the create table command to create a new relation schema in the database. The syntax is
create table(…);",1,nan,Q2-17
53,51,Which of the following commands is used to remove relation schema R from a database?,choice,Drop table R,The drop table command is used to delete a relation from a database whereas the delete from table removes all the tuples from a relation.,1,The DROP TABLE statement is used to remove an existing relation schema from a database schema.,Q2-18
54,52,Which of the following commands can be used to remove attribute A from a relation R?,choice,Alter table R drop column A,"We can delete an attribute from a relation using the alter table command with the following syntax
alter table drop",2,"The ALTER TABLE statement is used to modify an existing relation schema.
The DROP TABLE statement is used to remove an existing relation schema.",Q2-19
55,53,The command “CREATE TABLE” belongs to ________.,choice,DDL,Data Definition Language is the language which performs all the operation in defining the relation schema.,1,nan,Q2-20
56,54,The basic data type char(n) is a _____-length character string and varchar(n) is _____-length character string.,choice,"Fixed, Variable",Varchar changes its length accordingly whereas char has a specific length which has to be filled by either letters or spaces.,1,"In database systems, a field can have a fixed or a variable length. A variable-length field is one whose length can be different in each record, depending on what data is stored in the field.",Q2-21
57,55,The ________ clause is used to list the attributes desired in the result of a query.,choice,Select,nan,1,nan,Q3-1
58,56,"In SQL, which of the following is included in DML (Data Manipulation Language)?",choice,Update,nan,1,"A data manipulation language (DML) is a part of the structured query language (SQL) that handles data manipulation including querying (selecting), adding (inserting), deleting, and modifying (updating) data in a database.",Q3-2
59,57,"In SQL, which command is used to add new rows to a table?",choice,Insert,nan,1,nan,Q3-3
60,58,"What is the syntax to add a new tuple to a relation? (Consider D as the relation and (a, b, c) as the new tuple)",choice,"insert into D values (a, b, c);",nan,1,nan,Q3-4
61,59,Which of the following commands do we use to delete all the tuples from a relation (R)?,choice,delete from R,The delete from the command is used to delete all the tuples in a relation.,1,The delete from the command is used to delete all the tuples in a relation. The drop table totally deletes the relation schema.,Q3-5
62,60,"The _____ operation combines two relations by merging pairs of matching tuples, one from each relation, into a single tuple.",choice,Join,nan,1,nan,Q3-6
63,61,What will be the output of the following query? SELECT * FROM person;,choice,Show all rows and columns of table “person”,nan,1,SQL provides the SELECT statement for retrieving data from a database.,Q3-7
64,62,What will be the output of the following query? SELECT COUNT(*) FROM person;,choice,Show the number of rows of table “person”,nan,1,"SQL provides the SELECT statement for retrieving data from a database.
COUNT(*) returns the total number of rows.",Q3-8
65,63,"Which of the following statement correctly creates the relation schema Enrol(StudentID: INT, CourseNo: STRING, Semester: STRING)?",choice,"CREATE TABLE Enrol(StudentID INT, CourseNo VARCHAR(20), Semester VARCHAR(50));",nan,1,nan,Q3-9
66,64,"If {StudentID, CourseNo, Semester} is the primary key for the relation schema Enrol, then the entity integrity constraints guarantee ___________.",choice,None of the attributes in the primary key can be null,nan,1,nan,Q3-10
67,65,"What referential integrity constraints do the following statements define? CREATE TABLE Student(StudentID INT PRIMARY KEY, Name VARCHAR(50)); CREATE TABLE Enrol (StudentID INT, CourseNo VARCHAR(20), Semester VARCHAR(50), FOREIGN KEY(StudentID) REFERENCES Student(StudentID));",choice,Every StudentID appearing in Enrol must exist in Student,nan,1,nan,Q3-11
68,66,"How many rows will be in the query result for the following Select statement? SELECT StudentID, Name FROM Study;",choice,6,nan,1,nan,Q3-12
69,67,How many rows will be in the query result for the following Select statement? SELECT * FROM Study WHERE Name = 'Tom';,choice,1,nan,2,nan,Q3-13
70,68,How many rows will be in the query result for the following Select statement? SELECT * FROM Study WHERE lower(Name) = 'tom';,choice,2,nan,2,nan,Q3-14
71,69,How many rows will be in the result for the following Select statement? SELECT DISTINCT CourseNo FROM Study;,choice,3,nan,2,The SELECT DISTINCT statement is used to remove duplicated rows in the result.,Q3-15
72,70,How many rows will be in the result for the following Select statement? SELECT CourseNo FROM Study WHERE (StudentID = 102) OR (StudentID = 103);,choice,4,nan,2,nan,Q3-16
73,71,"What is the query result for the following Select statement? SELECT COUNT(units), MIN(units) FROM Study;",choice,"6, 4",nan,1,nan,Q3-17
74,72,"How many rows will be in the query result for the following Select statement? SELECT StudentID, COUNT(*) FROM Study GROUP BY StudentID;",choice,4,nan,2,COUNT(*) returns the total number of rows. GROUP BY StudentID groups tuples together if they have the same StudentID.,Q3-18
75,73,"How many rows will be in the result for the following Select statement? SELECT CourseNo, COUNT(*) FROM Study GROUP BY CourseNo Having COUNT(*) > 1;",choice,2,nan,2,nan,Q3-19
76,74,How many rows will be in the result for the following Select statement? SELECT StudentID FROM Study WHERE CourseNo='COMP2400' UNION SELECT StudentID FROM Study WHERE CourseNo='STAT2001';,choice,4,nan,2,The UNION operator is used to union two tables and duplicated tuples will be removed.,Q3-20
77,75,How many rows will be in the result for the following Select statement? SELECT CourseNo FROM Study WHERE StudentID=102 EXCEPT SELECT CourseNo FROM Study WHERE StudentID=103;,choice,1,nan,2,"In SQL, EXCEPT corresponds to the set difference in the relational data model.",Q3-21
78,76,"How many rows will be in the query result for the following Select statement? SELECT * FROM Course, Enrol;",choice,28,"4X7=28
28 rows   5 columns",2,nan,Q3-22
79,77,How many rows will be in the query result for the following Select statement? SELECT * FROM Course INNER JOIN Enrol ON Course.CourseNo=Enrol.CourseNo;,choice,7,nan,2,The INNER JOIN joins tuples in two tables that satisfy the joining condition.,Q3-23
80,78,How many rows will be in the query result for the following Select statement? SELECT * FROM Course NATURAL JOIN Enrol;,choice,7,nan,2,"Natural Join: A natural join retains all the data of the two tables for only the matched rows, without duplication.",Q3-24
81,79,How many rows will be in the query result for the following Select statement? SELECT * FROM Course LEFT JOIN Enrol ON Course.CourseNo=Enrol.CourseNo;,choice,8,nan,2,The LEFT JOIN returns all records from the left table (Course) and the matched records from the right table (Enrol). The result is NULL from the right side if there is no match.,Q3-25
82,80,"How many rows will be in the query result for the following Select statement? SELECT * FROM Course, Enrol WHERE Course.CourseNo=Enrol.CourseNo AND Year = 2018;",choice,3,nan,2,nan,Q3-26
83,81,How many rows will be in the query result for the following Select statement? SELECT * FROM Enrol e WHERE EXISTS (SELECT * FROM Course c WHERE c.CourseNo=e.CourseNo);,choice,7,nan,3,The EXISTS operator is used to test for the existence of any record in a subquery and returns true if the subquery returns one or more tuples.,Q3-27
84,82,How many rows will be in the query result for the following Select statement? SELECT * FROM Course c WHERE EXISTS (SELECT * FROM Enrol e WHERE c.CourseNo=e.CourseNo);,choice,3,nan,3,nan,Q3-28
85,83,How many rows will be in the query result for the following Select statement? SELECT * FROM Enrol e WHERE e.CourseNo IN (SELECT c.CourseNo FROM Course c WHERE CourseName = ‘Relational Databases’);,choice,2,nan,3,IN subquery tests if a tuple occurs in the result of the subquery.,Q3-29
86,84,"How many rows, columns will be in the query result for the following Select statement? SELECT * FROM Course c WHERE NOT EXISTS (SELECT * FROM Enrol e WHERE c.CourseNo=e.CourseNo);",choice,"1,2",nan,3,nan,Q3-30
87,85,Which of the following Select statement correctly list the CourseNo and the corresponding number of students enrolled for all courses in 2019?,choice,"SELECT CourseNo, COUNT(*) AS NoOfStudents      FROM Enrol      WHERE Year = 2019      GROUP BY CourseNo;",nan,2,nan,Q3-31
91,86,Which constraint can be captured by the ER diagram?,choice,Primary key constraint,nan,1,nan,Q4-1
92,87,"In ER diagram, weak entity is represented by a______________.",choice,Double rectangle,nan,1,A weak entity type is an entity type that does not have sufficient attributes to form a primary key.,Q4-2
93,88,"Consider a database that stores names, addresses and unique IDs of employees in a fitness centre. The employees are classified into three categories: trainers, administrators and technicians. Each trainer has one or more specialities, e.g., weight gain, weight loss, strength building, etc. An administrator can register new members and be reached through a landline phone number. Each member is identified by an email address. The fitness centre organises fitness classes for members. Each class has a name, a start date, an end date, and a daily time slot. No two fitness classes have the same daily time slot, and for each fitness class the start date must be before the end date. A member may choose to participate in one or more fitness classes and may also choose one of the trainers as their personal trainer. Each fitness class is attended by one or more members and instructed by only one trainer. Not all trainers deliver fitness classes. After receiving the approval from an administrator, a member may choose to add multiple associate members who will have partial access to the services provided by the fitness centre, and an associate number (i.e., 1, 2, . . .) and the name of each associate member are recorded in the database. The database keeps track of equipment available in the fitness centre. Each piece of equipment has a unique ID and must have one of the following three status types: new, working or broken. Each technician has a mobile phone number. Technicians maintain equipment in the fitness centre and the database records the date of each maintenance event. Each piece of equipment should be maintained at least twice a year. Which of the following can be modelled as an entity type?",choice,Fitness class,nan,1,nan,Q4-3
94,89,"Consider a database that stores names, addresses and unique IDs of employees in a fitness centre. The employees are classified into three categories: trainers, administrators and technicians. Each trainer has one or more specialities, e.g., weight gain, weight loss, strength building, etc. An administrator can register new members and be reached through a landline phone number. Each member is identified by an email address. The fitness centre organises fitness classes for members. Each class has a name, a start date, an end date, and a daily time slot. No two fitness classes have the same daily time slot, and for each fitness class the start date must be before the end date. A member may choose to participate in one or more fitness classes and may also choose one of the trainers as their personal trainer. Each fitness class is attended by one or more members and instructed by only one trainer. Not all trainers deliver fitness classes. After receiving the approval from an administrator, a member may choose to add multiple associate members who will have partial access to the services provided by the fitness centre, and an associate number (i.e., 1, 2, . . .) and the name of each associate member are recorded in the database. The database keeps track of equipment available in the fitness centre. Each piece of equipment has a unique ID and must have one of the following three status types: new, working or broken. Each technician has a mobile phone number. Technicians maintain equipment in the fitness centre and the database records the date of each maintenance event. Each piece of equipment should be maintained at least twice a year. Which of the following can be modelled as an entity type?",choice,Employee of fitness centre,nan,1,nan,Q4-4
95,90,"Consider a database that stores names, addresses and unique IDs of employees in a fitness centre. The employees are classified into three categories: trainers, administrators and technicians. Each trainer has one or more specialities, e.g., weight gain, weight loss, strength building, etc. An administrator can register new members and be reached through a landline phone number. Each member is identified by an email address. The fitness centre organises fitness classes for members. Each class has a name, a start date, an end date, and a daily time slot. No two fitness classes have the same daily time slot, and for each fitness class the start date must be before the end date. A member may choose to participate in one or more fitness classes and may also choose one of the trainers as their personal trainer. Each fitness class is attended by one or more members and instructed by only one trainer. Not all trainers deliver fitness classes. After receiving the approval from an administrator, a member may choose to add multiple associate members who will have partial access to the services provided by the fitness centre, and an associate number (i.e., 1, 2, . . .) and the name of each associate member are recorded in the database. The database keeps track of equipment available in the fitness centre. Each piece of equipment has a unique ID and must have one of the following three status types: new, working or broken. Each technician has a mobile phone number. Technicians maintain equipment in the fitness centre and the database records the date of each maintenance event. Each piece of equipment should be maintained at least twice a year. Which of the following can be modelled as an attribute?",choice,Employee ID,nan,1,Attributes: properties that describe entities and relationships.,Q4-5
96,91,"Consider a database that stores names, addresses and unique IDs of employees in a fitness centre. The employees are classified into three categories: trainers, administrators and technicians. Each trainer has one or more specialities, e.g., weight gain, weight loss, strength building, etc. An administrator can register new members and be reached through a landline phone number. Each member is identified by an email address. The fitness centre organises fitness classes for members. Each class has a name, a start date, an end date, and a daily time slot. No two fitness classes have the same daily time slot, and for each fitness class the start date must be before the end date. A member may choose to participate in one or more fitness classes and may also choose one of the trainers as their personal trainer. Each fitness class is attended by one or more members and instructed by only one trainer. Not all trainers deliver fitness classes. After receiving the approval from an administrator, a member may choose to add multiple associate members who will have partial access to the services provided by the fitness centre, and an associate number (i.e., 1, 2, . . .) and the name of each associate member are recorded in the database. The database keeps track of equipment available in the fitness centre. Each piece of equipment has a unique ID and must have one of the following three status types: new, working or broken. Each technician has a mobile phone number. Technicians maintain equipment in the fitness centre and the database records the date of each maintenance event. Each piece of equipment should be maintained at least twice a year. Which of the following can be modelled as an attribute?",choice,Speciality,nan,2,nan,Q4-6
97,92,"Consider a database that stores names, addresses and unique IDs of employees in a fitness centre. The employees are classified into three categories: trainers, administrators and technicians. Each trainer has one or more specialities, e.g., weight gain, weight loss, strength building, etc. An administrator can register new members and be reached through a landline phone number. Each member is identified by an email address. The fitness centre organises fitness classes for members. Each class has a name, a start date, an end date, and a daily time slot. No two fitness classes have the same daily time slot, and for each fitness class the start date must be before the end date. A member may choose to participate in one or more fitness classes and may also choose one of the trainers as their personal trainer. Each fitness class is attended by one or more members and instructed by only one trainer. Not all trainers deliver fitness classes. After receiving the approval from an administrator, a member may choose to add multiple associate members who will have partial access to the services provided by the fitness centre, and an associate number (i.e., 1, 2, . . .) and the name of each associate member are recorded in the database. The database keeps track of equipment available in the fitness centre. Each piece of equipment has a unique ID and must have one of the following three status types: new, working or broken. Each technician has a mobile phone number. Technicians maintain equipment in the fitness centre and the database records the date of each maintenance event. Each piece of equipment should be maintained at least twice a year. Which of the following can be modelled as a weak entity type?",choice,Associate member,nan,2,A weak entity type is an entity type that does not have sufficient attributes to form a primary key.,Q4-7
98,93,"Consider a database that stores names, addresses and unique IDs of employees in a fitness centre. The employees are classified into three categories: trainers, administrators and technicians. Each trainer has one or more specialities, e.g., weight gain, weight loss, strength building, etc. An administrator can register new members and be reached through a landline phone number. Each member is identified by an email address. The fitness centre organises fitness classes for members. Each class has a name, a start date, an end date, and a daily time slot. No two fitness classes have the same daily time slot, and for each fitness class the start date must be before the end date. A member may choose to participate in one or more fitness classes and may also choose one of the trainers as their personal trainer. Each fitness class is attended by one or more members and instructed by only one trainer. Not all trainers deliver fitness classes. After receiving the approval from an administrator, a member may choose to add multiple associate members who will have partial access to the services provided by the fitness centre, and an associate number (i.e., 1, 2, . . .) and the name of each associate member are recorded in the database. The database keeps track of equipment available in the fitness centre. Each piece of equipment has a unique ID and must have one of the following three status types: new, working or broken. Each technician has a mobile phone number. Technicians maintain equipment in the fitness centre and the database records the date of each maintenance event. Each piece of equipment should be maintained at least twice a year. Which of the following can be modelled as a key attribute?",choice,Time slot of fitness class,nan,1,Key attribute: refers to an attribute that uniquely defines an entity in an entity set.,Q4-8
99,94,"Consider a database that stores names, addresses and unique IDs of employees in a fitness centre. The employees are classified into three categories: trainers, administrators and technicians. Each trainer has one or more specialities, e.g., weight gain, weight loss, strength building, etc. An administrator can register new members and be reached through a landline phone number. Each member is identified by an email address. The fitness centre organises fitness classes for members. Each class has a name, a start date, an end date, and a daily time slot. No two fitness classes have the same daily time slot, and for each fitness class the start date must be before the end date. A member may choose to participate in one or more fitness classes and may also choose one of the trainers as their personal trainer. Each fitness class is attended by one or more members and instructed by only one trainer. Not all trainers deliver fitness classes. After receiving the approval from an administrator, a member may choose to add multiple associate members who will have partial access to the services provided by the fitness centre, and an associate number (i.e., 1, 2, . . .) and the name of each associate member are recorded in the database. The database keeps track of equipment available in the fitness centre. Each piece of equipment has a unique ID and must have one of the following three status types: new, working or broken. Each technician has a mobile phone number. Technicians maintain equipment in the fitness centre and the database records the date of each maintenance event. Each piece of equipment should be maintained at least twice a year. Which of the following best models the relationship between ""employee"", and ""trainers""/""administrators""/""technicians""?",choice,Superclass and subclass,nan,1,nan,Q4-9
100,95,"Consider a database that stores names, addresses and unique IDs of employees in a fitness centre. The employees are classified into three categories: trainers, administrators and technicians. Each trainer has one or more specialities, e.g., weight gain, weight loss, strength building, etc. An administrator can register new members and be reached through a landline phone number. Each member is identified by an email address. The fitness centre organises fitness classes for members. Each class has a name, a start date, an end date, and a daily time slot. No two fitness classes have the same daily time slot, and for each fitness class the start date must be before the end date. A member may choose to participate in one or more fitness classes and may also choose one of the trainers as their personal trainer. Each fitness class is attended by one or more members and instructed by only one trainer. Not all trainers deliver fitness classes. After receiving the approval from an administrator, a member may choose to add multiple associate members who will have partial access to the services provided by the fitness centre, and an associate number (i.e., 1, 2, . . .) and the name of each associate member are recorded in the database. The database keeps track of equipment available in the fitness centre. Each piece of equipment has a unique ID and must have one of the following three status types: new, working or broken. Each technician has a mobile phone number. Technicians maintain equipment in the fitness centre and the database records the date of each maintenance event. Each piece of equipment should be maintained at least twice a year. What is the cardinality ratio of the relationship between ""member"" and ""fitness class""?",choice,N:N  ,nan,1,The cardinality ratio specifies the maximum number of relationships that an entity can participate in.,Q4-10
101,96,"Consider a database that stores names, addresses and unique IDs of employees in a fitness centre. The employees are classified into three categories: trainers, administrators and technicians. Each trainer has one or more specialities, e.g., weight gain, weight loss, strength building, etc. An administrator can register new members and be reached through a landline phone number. Each member is identified by an email address. The fitness centre organises fitness classes for members. Each class has a name, a start date, an end date, and a daily time slot. No two fitness classes have the same daily time slot, and for each fitness class the start date must be before the end date. A member may choose to participate in one or more fitness classes and may also choose one of the trainers as their personal trainer. Each fitness class is attended by one or more members and instructed by only one trainer. Not all trainers deliver fitness classes. After receiving the approval from an administrator, a member may choose to add multiple associate members who will have partial access to the services provided by the fitness centre, and an associate number (i.e., 1, 2, . . .) and the name of each associate member are recorded in the database. The database keeps track of equipment available in the fitness centre. Each piece of equipment has a unique ID and must have one of the following three status types: new, working or broken. Each technician has a mobile phone number. Technicians maintain equipment in the fitness centre and the database records the date of each maintenance event. Each piece of equipment should be maintained at least twice a year. Suppose that ""participate"" is a relationship type between two entity types ""member"" and ""fitness class"". What is the participation constraint on ""member"" in ""participate""?",choice,Partial,nan,1,The participation constraint specifies whether the existence of any entity depends on its being related to another entity via the relationship type.,Q4-11
102,97,"Consider a database that stores names, addresses and unique IDs of employees in a fitness centre. The employees are classified into three categories: trainers, administrators and technicians. Each trainer has one or more specialities, e.g., weight gain, weight loss, strength building, etc. An administrator can register new members and be reached through a landline phone number. Each member is identified by an email address. The fitness centre organises fitness classes for members. Each class has a name, a start date, an end date, and a daily time slot. No two fitness classes have the same daily time slot, and for each fitness class the start date must be before the end date. A member may choose to participate in one or more fitness classes and may also choose one of the trainers as their personal trainer. Each fitness class is attended by one or more members and instructed by only one trainer. Not all trainers deliver fitness classes. After receiving the approval from an administrator, a member may choose to add multiple associate members who will have partial access to the services provided by the fitness centre, and an associate number (i.e., 1, 2, . . .) and the name of each associate member are recorded in the database. The database keeps track of equipment available in the fitness centre. Each piece of equipment has a unique ID and must have one of the following three status types: new, working or broken. Each technician has a mobile phone number. Technicians maintain equipment in the fitness centre and the database records the date of each maintenance event. Each piece of equipment should be maintained at least twice a year. Suppose that ""participate"" is a relationship type between two entity types ""member"" and ""fitness class"". What is the participation constraint on ""fitness class"" in ""participate""?",choice,Total,nan,1,nan,Q4-12
103,98,"Consider a database that stores names, addresses and unique IDs of employees in a fitness centre. The employees are classified into three categories: trainers, administrators and technicians. Each trainer has one or more specialities, e.g., weight gain, weight loss, strength building, etc. An administrator can register new members and be reached through a landline phone number. Each member is identified by an email address. The fitness centre organises fitness classes for members. Each class has a name, a start date, an end date, and a daily time slot. No two fitness classes have the same daily time slot, and for each fitness class the start date must be before the end date. A member may choose to participate in one or more fitness classes and may also choose one of the trainers as their personal trainer. Each fitness class is attended by one or more members and instructed by only one trainer. Not all trainers deliver fitness classes. After receiving the approval from an administrator, a member may choose to add multiple associate members who will have partial access to the services provided by the fitness centre, and an associate number (i.e., 1, 2, . . .) and the name of each associate member are recorded in the database. The database keeps track of equipment available in the fitness centre. Each piece of equipment has a unique ID and must have one of the following three status types: new, working or broken. Each technician has a mobile phone number. Technicians maintain equipment in the fitness centre and the database records the date of each maintenance event. Each piece of equipment should be maintained at least twice a year. What is the cardinality ratio of the relationship between ""trainer"" and ""fitness class""?",choice,1: N,nan,1,The cardinality ratio specifies the maximum number of relationships that an entity can participate in.,Q4-13
104,99,"Consider a database that stores names, addresses and unique IDs of employees in a fitness centre. The employees are classified into three categories: trainers, administrators and technicians. Each trainer has one or more specialities, e.g., weight gain, weight loss, strength building, etc. An administrator can register new members and be reached through a landline phone number. Each member is identified by an email address. The fitness centre organises fitness classes for members. Each class has a name, a start date, an end date, and a daily time slot. No two fitness classes have the same daily time slot, and for each fitness class the start date must be before the end date. A member may choose to participate in one or more fitness classes and may also choose one of the trainers as their personal trainer. Each fitness class is attended by one or more members and instructed by only one trainer. Not all trainers deliver fitness classes. After receiving the approval from an administrator, a member may choose to add multiple associate members who will have partial access to the services provided by the fitness centre, and an associate number (i.e., 1, 2, . . .) and the name of each associate member are recorded in the database. The database keeps track of equipment available in the fitness centre. Each piece of equipment has a unique ID and must have one of the following three status types: new, working or broken. Each technician has a mobile phone number. Technicians maintain equipment in the fitness centre and the database records the date of each maintenance event. Each piece of equipment should be maintained at least twice a year. Suppose that ""instruct"" is a relationship type between two entity types ""trainer"" and ""fitness class"". What is the participation constraint on ""trainer"" in ""instruct""?",choice,Partial,nan,1,The participation constraint specifies whether the existence of any entity depends on its being related to another entity via the relationship type.,Q4-14
105,100,"Consider a database that stores names, addresses and unique IDs of employees in a fitness centre. The employees are classified into three categories: trainers, administrators and technicians. Each trainer has one or more specialities, e.g., weight gain, weight loss, strength building, etc. An administrator can register new members and be reached through a landline phone number. Each member is identified by an email address. The fitness centre organises fitness classes for members. Each class has a name, a start date, an end date, and a daily time slot. No two fitness classes have the same daily time slot, and for each fitness class the start date must be before the end date. A member may choose to participate in one or more fitness classes and may also choose one of the trainers as their personal trainer. Each fitness class is attended by one or more members and instructed by only one trainer. Not all trainers deliver fitness classes. After receiving the approval from an administrator, a member may choose to add multiple associate members who will have partial access to the services provided by the fitness centre, and an associate number (i.e., 1, 2, . . .) and the name of each associate member are recorded in the database. The database keeps track of equipment available in the fitness centre. Each piece of equipment has a unique ID and must have one of the following three status types: new, working or broken. Each technician has a mobile phone number. Technicians maintain equipment in the fitness centre and the database records the date of each maintenance event. Each piece of equipment should be maintained at least twice a year. Suppose that ""instruct"" is a relationship type between two entity types ""trainer"" and ""fitness class"". What is the participation constraint on ""fitness class"" in ""instruct""?",choice,Total,nan,1,nan,Q4-15
106,101,"Consider a database that stores names, addresses and unique IDs of employees in a fitness centre. The employees are classified into three categories: trainers, administrators and technicians. Each trainer has one or more specialities, e.g., weight gain, weight loss, strength building, etc. An administrator can register new members and be reached through a landline phone number. Each member is identified by an email address. The fitness centre organises fitness classes for members. Each class has a name, a start date, an end date, and a daily time slot. No two fitness classes have the same daily time slot, and for each fitness class the start date must be before the end date. A member may choose to participate in one or more fitness classes and may also choose one of the trainers as their personal trainer. Each fitness class is attended by one or more members and instructed by only one trainer. Not all trainers deliver fitness classes. After receiving the approval from an administrator, a member may choose to add multiple associate members who will have partial access to the services provided by the fitness centre, and an associate number (i.e., 1, 2, . . .) and the name of each associate member are recorded in the database. The database keeps track of equipment available in the fitness centre. Each piece of equipment has a unique ID and must have one of the following three status types: new, working or broken. Each technician has a mobile phone number. Technicians maintain equipment in the fitness centre and the database records the date of each maintenance event. Each piece of equipment should be maintained at least twice a year. Each trainer has one or more specialities, e.g., weight gain, weight loss, strength building, etc. What is the best way to model the ""speciality""of ""trainer""?",choice,"Model ""trainer"" as an entity and model ""speciality"" as a multi-valued attribute",nan,2,nan,Q4-16
107,102,"Consider a database that stores names, addresses and unique IDs of employees in a fitness centre. The employees are classified into three categories: trainers, administrators and technicians. Each trainer has one or more specialities, e.g., weight gain, weight loss, strength building, etc. An administrator can register new members and be reached through a landline phone number. Each member is identified by an email address. The fitness centre organises fitness classes for members. Each class has a name, a start date, an end date, and a daily time slot. No two fitness classes have the same daily time slot, and for each fitness class the start date must be before the end date. A member may choose to participate in one or more fitness classes and may also choose one of the trainers as their personal trainer. Each fitness class is attended by one or more members and instructed by only one trainer. Not all trainers deliver fitness classes. After receiving the approval from an administrator, a member may choose to add multiple associate members who will have partial access to the services provided by the fitness centre, and an associate number (i.e., 1, 2, . . .) and the name of each associate member are recorded in the database. The database keeps track of equipment available in the fitness centre. Each piece of equipment has a unique ID and must have one of the following three status types: new, working or broken. Each technician has a mobile phone number. Technicians maintain equipment in the fitness centre and the database records the date of each maintenance event. Each piece of equipment should be maintained at least twice a year. If we model ""administrator"" as an entity type, which of the following is its key attribute?",choice,ID,nan,1,Key attribute: refers to an attribute that uniquely defines an entity in an entity set.,Q4-17
108,103,"Consider a database that stores names, addresses and unique IDs of employees in a fitness centre. The employees are classified into three categories: trainers, administrators and technicians. Each trainer has one or more specialities, e.g., weight gain, weight loss, strength building, etc. An administrator can register new members and be reached through a landline phone number. Each member is identified by an email address. The fitness centre organises fitness classes for members. Each class has a name, a start date, an end date, and a daily time slot. No two fitness classes have the same daily time slot, and for each fitness class the start date must be before the end date. A member may choose to participate in one or more fitness classes and may also choose one of the trainers as their personal trainer. Each fitness class is attended by one or more members and instructed by only one trainer. Not all trainers deliver fitness classes. After receiving the approval from an administrator, a member may choose to add multiple associate members who will have partial access to the services provided by the fitness centre, and an associate number (i.e., 1, 2, . . .) and the name of each associate member are recorded in the database. The database keeps track of equipment available in the fitness centre. Each piece of equipment has a unique ID and must have one of the following three status types: new, working or broken. Each technician has a mobile phone number. Technicians maintain equipment in the fitness centre and the database records the date of each maintenance event. Each piece of equipment should be maintained at least twice a year. Which of the following statements can be modelled by the ER diagram?",choice,Each fitness class is instructed by only one trainer and not all trainers deliver fitness classes.,nan,2,nan,Q4-18
109,104,Which of the following is a trival FD?,choice,XYZ→Z,nan,1,"Trivial − If a functional dependency (FD) X → Y holds, where Y is a subset of X, then it is called a trivial FD. Trivial FDs always hold.",Q5-1
110,105,"R={A,B,C,D} and Σ={A→ B, B→ C, D→ABC}. The closure of A is",choice,ABC,nan,1,"The closure of A, is the set of all attributes that are dependent on A.",Q5-2
111,106,"R={A,B,C,D} and Σ={A→ B, B→ C, D→ABC}. Is the following statement true or false? A is a SK of R",choice,False,nan,1,A subset of the attributes of a relation schema R is a superkey if it uniquely determines all attributes of R.,Q5-3
112,107,"R={A,B,C,D} and Σ={A→ B, B→ C, D→ABC}. Is the following statement true or false? Σ ⊨ A→ C",choice,True,nan,1,nan,Q5-4
113,108,"R={A,B,C,D} and Σ={A→ B, B→ C, D→ABC}. The closure of D is",choice,ABCD,nan,1,"The closure of D, is the set of all attributes that are dependent on D.",Q5-5
114,109,"R={A,B,C,D} and Σ={A→ B, B→ C, D→ABC}. Is the following statement true or false? D is a SK of R",choice,True,nan,1,A subset of the attributes of a relation schema R is a superkey if it uniquely determines all attributes of R.,Q5-6
115,110,"R={A,B,C,D} and Σ={A→ B, B→ C, D→ABC}. Is the following statement true or false? Σ ⊨ D→ AC",choice,True,nan,1,nan,Q5-7
116,111,"R={A,B,C}, Σ1={A→ B, B→ C} and Σ2={A→ C, B→ C}. Is the following statement true or false? Σ1 and Σ2 are equivalent",choice,False,nan,2,nan,Q5-8
117,112,"R={A,B,C}, Σ1={A→ B, B→ C} and Σ2={A→ C, B→ C}. Is the following statement true or false? Σ1 ⊨ Σ2",choice,True,nan,2,nan,Q5-9
118,113,"R={A,B,C}, Σ1={A→ B, B→ C} and Σ2={A→ C, B→ C}. Is the following statement true or false? Σ2 ⊨ Σ1",choice,False,nan,2,nan,Q5-10
119,114,"R={A,B,C}, Σ1={A→ B, AB→ C} and Σ2={A→ B, B→ C}. Is the following statement true or false? Σ1 and Σ2 are equivalent",choice,False,nan,2,nan,Q5-11
120,115,"R={A,B,C}, Σ1={A→ B, AB→ C} and Σ2={A→ B, A→ C}. Is the following statement true or false? Σ1 and Σ2 are equivalent",choice,True,nan,2,nan,Q5-12
121,116,"R={A,B,C}, Σ1={A→ B, AB→ C} and Σ2={A→ B, B→ C}. Is the following statement true or false? Σ2 is a minimal cover of Σ1",choice,False,nan,2,A minimal cover of a set of FDs F is a minimal set of functional dependencies that is equivalent to F.,Q5-13
122,117,"R={A,B,C}, Σ1={A→ B, AB→ C} and Σ2={A→ B, A→ C}. Is the following statement true or false? Σ2 is a minimal cover of Σ1",choice,True,nan,2,nan,Q5-14
123,118,"R={A,B,C}, Σ={A→ B, AB→ C}. Is the following statement true or false? A is a CK of R",choice,True,nan,2,A minimal superkey is called a candidate key.,Q5-15
124,119,"R={A,B,C}, Σ={A→ B, AB→ C}. Is the following statement true or false? AB is a CK of R",choice,False,nan,2,A minimal superkey is called a candidate key.,Q5-16
125,120,"R={A,B,C}, Σ={A→ B, AB→ C}. Is the following statement true or false? A is the only CK of R",choice,True,nan,2,nan,Q5-17
126,121,"R={A,B,C}, Σ={A→ B, B→ C, C→A}. Is the following statement true or false? A is the only CK of R",choice,False,nan,2,nan,Q5-18
127,122,"R={A,B,C}, Σ={A→ B, B→ C, C→A}. Is the following statement true or false? A, B and C are all prime attributes.",choice,True,nan,2,A prime attribute is an attribute occurring in a candidate key.,Q5-19
128,123,"R={A,B,C, D}, Σ={A→ B, B→ AD, CD→AB}. Is the following statement true or false? C must be part of each CK of R.",choice,True,nan,3,nan,Q5-20
129,124,"R={A,B,C, D}, Σ={A→BCD, CD→AB}. Is the following statement true or false? A is the only CK of R.",choice,False,nan,3,nan,Q5-21
130,125,"R={A, B, C} and Σ = {A→B, B→C}. The decomposition of R into R1 = {A, B} and R2 = {B, C}",choice,Fulfils both lossless join and dependency preserving properties.,nan,1,"Lossless join – “ capture the same data ” To disallow the possibility of generating spurious tuples when a NATURAL JOIN operation is applied to the relations after decomposition.

 Dependency preservation – “ capture the same meta-data ” To ensure that each functional dependency can be inferred from functional dependencies after decomposition.",Q6-1
131,126,"R={A, B, C} and Σ = {A→B, B→C, A→C}. The decomposition of R into R1 = {A, B} and R2 = {A, C}",choice,Fulfils the lossless join property but does not fulfil the dependency preserving property.,nan,1,nan,Q6-2
132,127,"R={A, B, C} and Σ = {A→B, B→C, A→C}. The decomposition of R into R1 = {A, B} and R2 = {B, C}",choice,Fulfils both lossless join and dependency preserving properties.,nan,1,nan,Q6-3
133,128,Which of the following is correct?,choice,"A relation schema R is in BCNF if whenever a non-trivial FD X→ A holds in R, then X is a superkey.",nan,1,nan,Q6-4
134,129,"R={A, B, C} and Σ = {A→BC}. Which of the following is correct?",choice,R is in 3NF and R is in BCNF.,nan,1,"A relation schema R is in BCNF if whenever a non-trivial FD X → A holds in R, then X is a superkey.

A relation schema R is in 3NF if whenever a non-trivial FD X → A holds in R, then X is a superkey or A is a prime attribute.",Q6-5
135,130,"R={A,B,C}, Σ={A→ BC, BC→ A}. Which of the following is correct?",choice,R is in 3NF and R is in BCNF.,nan,2,"A relation schema R is in BCNF if whenever a non-trivial FD X → A holds in R, then X is a superkey.

A relation schema R is in 3NF if whenever a non-trivial FD X → A holds in R, then X is a superkey or A is a prime attribute.",Q6-6
136,131,"R={A,B,C}, Σ={A→ B, B→ C}. Which of the following is correct?",choice,R is not in 3NF and R is not in BCNF.,nan,2,nan,Q6-7
137,132,"R={A,B,C,D}, Σ={AB→ CD, BC→ A}. Which of the following is correct?",choice,R is in 3NF and R is in BCNF.,nan,3,"A relation schema R is in BCNF if whenever a non-trivial FD X →A holds in R, then X is a superkey.

A relation schema R is in 3NF if whenever a non-trivial FD X → A holds in R, then X is a superkey or A is a prime attribute.",Q6-8
138,133,"R={A,B,C,D}, Σ={AB→ CD, C→ A}. Which of the following is correct?",choice,R is in 3NF and R is not in BCNF.,nan,3,nan,Q6-9
139,134,Which of the following is correct about BCNF?,choice,BCNF eliminates redundancy. ,nan,1,"A relation schema R is in BCNF if whenever a non-trivial FD X → A holds in R, then X is a superkey.",Q6-10
140,135,Which of the following is correct about 3NF?,choice,3NF can only minimise (not necessarily eliminate) redundancy.,nan,1,"A relation schema R is in 3NF if whenever a non-trivial FD X → A holds in R, then X is a superkey or A is a prime attribute.",Q6-11
141,136,Which of the following is correct?,choice,"If R is in BCNF, then R must be in 3NF.",nan,1,"A relation schema R is in BCNF if whenever a non-trivial FD X →A holds in R, then X is a superkey.
A relation schema R is in 3NF if whenever a non-trivial FD X → A holds in R, then X is a superkey or A is a prime attribute.",Q6-12
142,137,Which of the following is correct?,choice,3NF decomposition is always a dependency-preserving decomposition.,nan,2,3NF is a less restrictive normal form such that a lossless and dependency preserving decomposition can always be found.,Q6-13
143,138,Which of the following is correct?,choice,There exists an algorithm that can always generate a lossless and dependency-preserving decomposition into 3NF.,nan,2,3NF is a less restrictive normal form such that a lossless and dependency preserving decomposition can always be found.,Q6-14
146,139,How many rows will be in the result for the following relational algebra expression?,choice,4,"<center><table style=""padding: 8px;text-align: center;"" border=""1"">
  <tr>
    <th>StudentID</th>
    <th>Name</th>
  </tr>
  <tr>
    <td>100</td>
    <td>Tom</td>
  </tr>
  <tr>
    <td>101</td>
    <td>Tom</td>
  </tr>
 <tr>
    <td>102</td>
    <td>Peter</td>
  </tr>
<tr>
    <td>103</td>
    <td>Fran</td>
  </tr>
</table></center>",1,"Projection(π) only keeps a number of specified attributes (columns) from a relation R, while the other attributes are discarded.",Q7-1
147,140,How many rows will be in the result for the following relational algebra expression?,choice,2,nan,1,Selection (σ) chooses tuples that satisfy the condition  φ from a relation R,Q7-2
148,141,How many rows will be in the result for the following relational algebra expression?,choice,3,"<center><table style=""padding: 8px;text-align: center;"" border=""1"">
  <tr>
    <th>CourseNo</th>
  </tr>
  <tr>
    <td>COMP2400</td>
  </tr>
  <tr>
    <td>STAT2001</td>
  </tr>
 <tr>
    <td>BUSN2011</td>
  </tr>
</table></center>",1,nan,Q7-3
149,142,How many rows will be in the result for the following relational algebra expression?,choice,3,nan,1,"Selection chooses rows and Projection chooses columns. Union, denoted as R1 ∪ R2, results in a relation that includes all tuples either in R1 or in R2. Duplicate tuples are eliminated.",Q7-4
150,143,How many rows will be in the result for the following relational algebra expression?,choice,4,nan,1,nan,Q7-5
151,144,How many rows will be in the result for the following relational algebra expression?,choice,1,nan,1,nan,Q7-6
152,145,How many rows will be in the result for the following relational algebra expression?,choice,2,nan,2,nan,Q7-7
153,146,How many rows will be in the result for the following relational algebra expression?,choice,28,nan,1,Cartesian product R1 × R2 combines tuples from two relations in a combinatorial fashion.,Q7-8
154,147,How many rows will be in the result for the following relational algebra expression?,choice,12,nan,1,Projection chooses columns. Cartesian product R1 × R2 combines tuples from two relations in a combinatorial fashion.,Q7-9
155,148,How many rows will be in the result for the following relational algebra expression?,choice,7,nan,1,Join R1 ⋈ R2 is introduced as the combination of Cartesian product and selection.,Q7-10
156,149,How many rows will be in the result for the following relational algebra expression?,choice,7,nan,1,nan,Q7-11
157,150,How many rows will be in the result for the following relational algebra expression?,choice,4,nan,2,Join R1 ⋈ R2 is introduced as the combination of Cartesian product and selection.,Q7-12
158,151,How many rows will be in the result for the following relational algebra expression?,choice,3,nan,2,Join R1 ⋈ R2 is introduced as the combination of Cartesian product and selection.,Q7-13
159,152,How many rows will be in the result for the following relational algebra expression?,choice,21,nan,3,nan,Q7-14
160,153,How many rows will be in the result for the following relational algebra expression?,choice,16,nan,2,nan,Q7-15
161,154,How many rows will be in the result for the following relational algebra expression?,choice,17,nan,2,nan,Q7-16
162,155,How many rows will be in the result for the following relational algebra expression?,choice,4,nan,3,nan,Q7-17
163,156,"Consider the following database schema: Movie(title, production year, country, run time, major genre) primary key : {title, production year} Person(id, first name, last name, year born) primary key : {id} Director(id, title, production year) primary key : {title, production year} foreign keys : [title, production year] ⊆ Movie[title, production year], [id] ⊆ Person[id] Writer(id, title, production year, credits) primary key : {id, title, production year} foreign keys : [title, production year] ⊆ Movie[title, production year], [id] ⊆ Person[id] Are the following two RA expressions equivalent?",choice,Yes,nan,1,nan,Q8-1
164,157,"Consider the following database schema: Movie(title, production year, country, run time, major genre) primary key : {title, production year} Person(id, first name, last name, year born) primary key : {id} Director(id, title, production year) primary key : {title, production year} foreign keys : [title, production year] ⊆ Movie[title, production year], [id] ⊆ Person[id] Writer(id, title, production year, credits) primary key : {id, title, production year} foreign keys : [title, production year] ⊆ Movie[title, production year], [id] ⊆ Person[id] Are the following two RA expressions equivalent?",choice,No,nan,1,Consider what attributes are needed for the natural join between Movie and Writer.,Q8-2
165,158,"Consider the following database schema: Movie(title, production year, country, run time, major genre) primary key : {title, production year} Person(id, first name, last name, year born) primary key : {id} Director(id, title, production year) primary key : {title, production year} foreign keys : [title, production year] ⊆ Movie[title, production year], [id] ⊆ Person[id] Writer(id, title, production year, credits) primary key : {id, title, production year} foreign keys : [title, production year] ⊆ Movie[title, production year], [id] ⊆ Person[id] Are the following two RA expressions equivalent?",choice,No,nan,1,nan,Q8-3
166,159,"Consider the following database schema: Movie(title, production year, country, run time, major genre) primary key : {title, production year} Person(id, first name, last name, year born) primary key : {id} Director(id, title, production year) primary key : {title, production year} foreign keys : [title, production year] ⊆ Movie[title, production year], [id] ⊆ Person[id] Writer(id, title, production year, credits) primary key : {id, title, production year} foreign keys : [title, production year] ⊆ Movie[title, production year], [id] ⊆ Person[id] Are the following two RA expressions equivalent?",choice,No,nan,2,Consider what attributes are needed for the natural join between Person and Director.,Q8-4
167,160,"Consider the following database schema: Movie(title, production year, country, run time, major genre) primary key : {title, production year} Person(id, first name, last name, year born) primary key : {id} Director(id, title, production year) primary key : {title, production year} foreign keys : [title, production year] ⊆ Movie[title, production year], [id] ⊆ Person[id] Writer(id, title, production year, credits) primary key : {id, title, production year} foreign keys : [title, production year] ⊆ Movie[title, production year], [id] ⊆ Person[id] Are the following two RA expressions equivalent?",choice,Yes,nan,2,nan,Q8-5
168,161,"Consider the following database schema: Movie(title, production year, country, run time, major genre) primary key : {title, production year} Person(id, first name, last name, year born) primary key : {id} Director(id, title, production year) primary key : {title, production year} foreign keys : [title, production year] ⊆ Movie[title, production year], [id] ⊆ Person[id] Writer(id, title, production year, credits) primary key : {id, title, production year} foreign keys : [title, production year] ⊆ Movie[title, production year], [id] ⊆ Person[id] Which of the following RAs will output the first and last names of the directors who have directed movies produced in USA? A: B:",choice,both A and B,nan,3,Consider the order of natural joins.,Q8-6
169,162,"Consider the following database schema: Movie(title, production year, country, run time, major genre) primary key : {title, production year} Person(id, first name, last name, year born) primary key : {id} Director(id, title, production year) primary key : {title, production year} foreign keys : [title, production year] ⊆ Movie[title, production year], [id] ⊆ Person[id] Writer(id, title, production year, credits) primary key : {id, title, production year} foreign keys : [title, production year] ⊆ Movie[title, production year], [id] ⊆ Person[id] Which of the following RAs will output the first and last names of the writers who were born in 1970 and have written movies produced in 2010? A: B:",choice,both A and B,nan,2,nan,Q8-7
170,163,"Consider the following database schema: Movie(title, production year, country, run time, major genre) primary key : {title, production year} Person(id, first name, last name, year born) primary key : {id} Director(id, title, production year) primary key : {title, production year} foreign keys : [title, production year] ⊆ Movie[title, production year], [id] ⊆ Person[id] Writer(id, title, production year, credits) primary key : {id, title, production year} foreign keys : [title, production year] ⊆ Movie[title, production year], [id] ⊆ Person[id] Which of the following RAs will output the first and last names of the directors who have never written any movies? A: B:",choice,neither A nor B,nan,3,"Different persons may have the same first and last names. Consider one director named John Smith (id=001) has never written any movies, but there is also one writer named John Smith (id = 002).",Q8-8
171,164,"Consider the following database schema: Movie(title, production year, country, run time, major genre) primary key : {title, production year} Person(id, first name, last name, year born) primary key : {id} Director(id, title, production year) primary key : {title, production year} foreign keys : [title, production year] ⊆ Movie[title, production year], [id] ⊆ Person[id] Writer(id, title, production year, credits) primary key : {id, title, production year} foreign keys : [title, production year] ⊆ Movie[title, production year], [id] ⊆ Person[id] Which of the following RAs will output the first and last names of the directors who have never written any movies? A: B:",choice,only B,nan,2,nan,Q8-9
172,165,"Consider the following database schema: Movie(title, production year, country, run time, major genre) primary key : {title, production year} Person(id, first name, last name, year born) primary key : {id} Director(id, title, production year) primary key : {title, production year} foreign keys : [title, production year] ⊆ Movie[title, production year], [id] ⊆ Person[id] Writer(id, title, production year, credits) primary key : {id, title, production year} foreign keys : [title, production year] ⊆ Movie[title, production year], [id] ⊆ Person[id] Which of the following RAs will output the ids of the writers who have written movies produced in year 2000 but not in year 2010? A: B:",choice,neither A nor B,nan,3,nan,Q8-10
173,166,"Consider the following database schema: Movie(title, production year, country, run time, major genre) primary key : {title, production year} Person(id, first name, last name, year born) primary key : {id} Director(id, title, production year) primary key : {title, production year} foreign keys : [title, production year] ⊆ Movie[title, production year], [id] ⊆ Person[id] Writer(id, title, production year, credits) primary key : {id, title, production year} foreign keys : [title, production year] ⊆ Movie[title, production year], [id] ⊆ Person[id] Which of the following RAs will give you the ids of the directors who have directed both comedy movies and action movies? A: B:",choice,only B,nan,3,nan,Q8-11
174,167,"Consider the following database schema: Movie(title, production year, country, run time, major genre) primary key : {title, production year} Person(id, first name, last name, year born) primary key : {id} Director(id, title, production year) primary key : {title, production year} foreign keys : [title, production year] ⊆ Movie[title, production year], [id] ⊆ Person[id] Writer(id, title, production year, credits) primary key : {id, title, production year} foreign keys : [title, production year] ⊆ Movie[title, production year], [id] ⊆ Person[id] Which of the following RAs will give you the ids of the directors who have directed both comedy movies and action movies? A: B:",choice,neither A nor B,nan,3,nan,Q8-12
175,168,"Consider the following database schema: Movie(title, production year, country, run time, major genre) primary key : {title, production year} Person(id, first name, last name, year born) primary key : {id} Director(id, title, production year) primary key : {title, production year} foreign keys : [title, production year] ⊆ Movie[title, production year], [id] ⊆ Person[id] Writer(id, title, production year, credits) primary key : {id, title, production year} foreign keys : [title, production year] ⊆ Movie[title, production year], [id] ⊆ Person[id] Which of the following RAs will output the ids of the directors who have directed any comedy or action movies? A: B:",choice,both A and B,nan,3,nan,Q8-13
176,169,"Consider the following database schema: Movie(title, production year, country, run time, major genre) primary key : {title, production year} Person(id, first name, last name, year born) primary key : {id} Director(id, title, production year) primary key : {title, production year} foreign keys : [title, production year] ⊆ Movie[title, production year], [id] ⊆ Person[id] Writer(id, title, production year, credits) primary key : {id, title, production year} foreign keys : [title, production year] ⊆ Movie[title, production year], [id] ⊆ Person[id] Which of the following RAs output the ids of the directors who have directed any comedy or action movies? A: B:",choice,both A and B,nan,3,nan,Q8-14
177,170,"Consider the following database schema: Movie(title, production year, country, run time, major genre) primary key : {title, production year} Person(id, first name, last name, year born) primary key : {id} Director(id, title, production year) primary key : {title, production year} foreign keys : [title, production year] ⊆ Movie[title, production year], [id] ⊆ Person[id] Writer(id, title, production year, credits) primary key : {id, title, production year} foreign keys : [title, production year] ⊆ Movie[title, production year], [id] ⊆ Person[id] Which of the following RAs output the titles and production years of the movies which were written by writers born after 1980? A: 1980}(Person)))) }"" border=""0""/> B: 1980}(Person))) }"" border=""0""/>",choice,both A and B,nan,3,nan,Q8-15
178,171,"Consider the following database schema: Movie(title, production year, country, run time, major genre) primary key : {title, production year} Person(id, first name, last name, year born) primary key : {id} Director(id, title, production year) primary key : {title, production year} foreign keys : [title, production year] ⊆ Movie[title, production year], [id] ⊆ Person[id] Writer(id, title, production year, credits) primary key : {id, title, production year} foreign keys : [title, production year] ⊆ Movie[title, production year], [id] ⊆ Person[id] Which of the following RAs output the titles and production years of the movies which were written by writers born after 1980? A: 1980}(Person))) }"" border=""0""/> B: 1980}(Person))) }"" border=""0""/>",choice,only A,nan,3,nan,Q8-16
179,172,"In SQL, which of the following cannot be granted privileges using the GRANT command?",choice,A specified tuple,nan,1,nan,Q9-1
180,173,Which technology is not used to enforce confidentiality of database security?,choice,Auditing,nan,1,nan,Q9-2
181,174,"If we wish to grant a privilege to a user and also allow the user to pass the privilege on to other users, which of the following should we append to the appropriate grant command?",choice,With grant option,nan,1,nan,Q9-3
182,175,Which of the following is a characteristic of Mandatory Access Control (MAC)?,choice,Use different levels of security to classify users and data.,nan,1,nan,Q9-4
183,176,Which of the following statements are not correct?,choice,SQL injection can be prevented by removing the privileges of a user who connects to the database,nan,2,nan,Q9-5
184,177,Which of the following is used to avoid cascading of revoking privileges?,choice,REVOKE select ON salary FROM Tom restrict;,nan,1,nan,Q9-6
185,178,Which of the following is true regarding views?,choice,A user who creates a view does not necessarily receive all privileges on that view.,nan,3,nan,Q9-7
186,179,"For Discretionary Access Control (DAC), which of the following statements is true?",choice,Each object has an owner who has full control on managing the privileges to the object.,nan,2,nan,Q9-8
187,180,Which of the following is an inherent flaw in Discretionary Access Control (DAC)?,choice,"DAC relies only on the identity of a user, leaving room for Trojan Horse attacks.",nan,2,nan,Q9-9
188,181,Which of the following are used to make access decisions in Mandatory Access Control (MAC)?,choice,User security clearance and Data classification,nan,1,nan,Q9-10
189,182,Which of the following can potentially cause a SQL injection attack?,choice,"var City; City = Request.form (""City""); var SQL = ""select * from OrdersTable where City = '"" + City + ""'"";",nan,3,nan,Q9-11
190,183,"You work as a database administrator at ToyWorld. They manage database security using a Role Based Access Control (RBAC) model. There are three types of resources, including files, printers, and mailboxes, and four departments with distinct functions: Sales, Marketing, Management, and Production in ToyWorld. Each department needs access to different resources. Each user has a workstation. Which roles should you create to support this RBAC model?",choice,"Sales, marketing, management, and production roles.",nan,1,nan,Q9-12
191,184,What is an authentication method?,choice,A method of restricting user access to a database system,nan,1,nan,Q9-13
192,185,"Assuming that Linda is the owner of the relation Event, after completing the following three actions, which of the following statements is correct? Step | By | Action 1 | Linda| GRANT select TO Amy ON Event WITH GRANT OPTION; 2 |Amy| GRANT select TO Peter ON Event; 3 |Linda| REVOKE GRANT OPTION FOR select ON Event FROM Amy CASCADE;",choice,"Amy has the select privilege on Event, but Peter does not have this privilege",nan,3,nan,Q9-14
193,186,"Assuming that Linda is the owner of the relation Event, after completing the following three actions, which of the following statements is correct? Step | By | Action 1 | Linda| GRANT select TO Amy, Peter ON Event WITH GRANT OPTION; 2 |Amy| GRANT select TO Peter ON Event; 3 |Linda| REVOKE select ON Event FROM Amy CASCADE;",choice,"Peter has the select privilege on Event, but Amy does not have this privilege",nan,3,nan,Q9-15
194,187,"What is the objective of database security which says that people shouldn’t change data unless they are supposed to change it, and they also shouldn’t change data in ways different from how they are supposed to change it.",choice,Integrity,nan,1,nan,Q9-16
195,188,Which Bell-LaPadula rule prevents lower-level subjects from retrieving information from objects with a higher security level?,choice,Read down rule,nan,2,nan,Q9-17
196,189,Which of the following is not true regarding Trojan horse attacks?,choice,"A Trojan can self-replicate, as a virus does.",nan,2,nan,Q9-18
197,190,What is a covert channel?,choice,A method that is used to secretly pass information and not normally used for communication,nan,1,nan,Q9-19
198,191,"An internet banking system requires a user to enter their password, then the system sends an SMS to the user’s registered mobile phone, containing another sequence of characters, and the user must enter this as well. Which of the following terms describes this example of authentication?",choice,Two-factor authentication,nan,1,nan,Q9-20
199,192,Which of the following is responsible for ensuring the property isolation of database transactions?,choice,Concurrency control,nan,1,nan,Q10-1
200,193,"Given two transactions and , which of the following statements is true?",choice,All of the above,nan,2,nan,Q10-2
201,194,Which transaction isolation level does not allow dirty reads but does allow unrepeatable reads and phantom reads?,choice,Read committed,nan,1,nan,Q10-3
202,195,What is the correctness criterion for concurrent transactions?,choice,Serializability,nan,1,nan,Q10-4
203,196,What operation(s) can a transaction perform if this transaction acquires an exclusive lock?,choice,Read and write,nan,2,nan,Q10-5
204,197,"For the two-phase locking protocol, which of the following statements is true?",choice,All of the above,nan,2,nan,Q10-6
205,198,Which of the following problems occurs when a transaction re-reads a table and finds new rows that were inserted into a table by other transactions since its prior read?,choice,Phantom read,nan,2,nan,Q10-7
206,199,Which of the following are the advantages of concurrent transactions?,choice,All of the above,nan,2,nan,Q10-8
207,200,Which properties are ensured by the transaction manager through logging?,choice,Atomicity and durability,nan,1,nan,Q10-9
208,201,"Consider two transactions and , and the following schedule in which A and B are two records. read(A) write(A) read(A) write(A) read(B) commit abort Which of the following problems may occur in this schedule?",choice,Dirty read,nan,2,nan,Q10-10
209,202,"Consider two transactions and , and the following schedule in which A and B are two records. read(B) read(A) write(A) read(A) read(B) write(B) commit Abort Which of the following problems may occur in this schedule?",choice,Unrepeatable read,nan,2,nan,Q10-11
210,203,"Consider two transactions and , and the following schedule in which A and B are two records. read(A) read(A) write(A) read(B) write(A) commit commit Which of the following problems may occur in this schedule?",choice,Lost update,nan,2,nan,Q10-12
211,204,"Consider the table Worker(name, payrate, hours) with name as the primary key and the following two concurrent transactions: : Begin Transaction; update Worker set payrate = 1.2*payrate where name = ‘Tom'; update Worker set payrate = 1.5*payrate where name = ‘Tom'; Commit; : Begin Transaction; update Worker set payrate = payrate+20 where name = ‘Tom'; update Worker set payrate = payrate+10 where name = ‘Tom'; Commit; Assume Tom’s pay rate is 20 before the transactions and begin. If the transaction isolation level is “serializable”, what are the possible values for Tom's pay rate after executing these two transactions?",choice,66 and 90,nan,3,nan,Q10-13
212,205,"Consider the table Worker(name, payrate, hours) with name as the primary key and the following two concurrent transactions: : Begin Transaction; update Worker set payrate = 1.2*payrate where name = ‘Tom'; update Worker set payrate = 1.5*payrate where name = ‘Tom'; Commit; : Begin Transaction; update Worker set payrate = payrate+20 where name = ‘Tom'; update Worker set payrate = payrate+10 where name = ‘Tom'; Commit; Assume Tom’s pay rate is 20 before the transactions and begin. If the transaction isolation level is “read committed”, what are the possible values for Tom’s pay rate after executing these two transactions?",choice,66 and 90,nan,3,nan,Q10-14
213,206,"Consider the table Worker(name, payrate, hours) with name as the primary key and the following two concurrent transactions: : Begin Transaction; update Worker set payrate = 1.2*payrate where name = ‘Tom'; update Worker set payrate = 1.5*payrate where name = ‘Tom'; Commit; : Begin Transaction; update Worker set payrate = payrate+20 where name = ‘Tom'; update Worker set payrate = payrate+10 where name = ‘Tom'; Commit; Assume Tom’s pay rate is 20 before the transactions and begin. If the transaction isolation level is “read uncommitted”, what are the possible values for Tom’s pay rate after executing these two transactions?",choice,"66, 76, 81, 82, 87, and 90",nan,3,nan,Q10-15
214,207,"Consider the table Worker(name, payrate, hours) with name as the primary key and the following transaction: Begin transaction; update Worker set hours = 20 where name = ‘Tom'; update Worker set payrate = 1.5*payrate where name = ‘Tom'; Commit; Rollback; What does Rollback do?",choice,Nothing,nan,2,nan,Q10-16
216,208,"Consider two transactions and , and the following schedules in which A and B are two records. Which of the following schedules can result in a deadlock? * { box-sizing: border-box; } .column { float: left; width: 20%; padding: 10px; height: 300px; } .row:after { content: """"; display: table; clear: both; } 1 read(A) write(A) read(A) write(A) commit commit 2 read(A) read(B) write(A) write(B) commit commit 3 read(A) write(B) read(A) write(B) commit commit 4 read(A) read(A) write(A) write(B) commit commit",choice,Schedule 2 and Schedule 4,nan,3,nan,Q10-17
217,209,"Consider the following two transactions and , which transfer money between different accounts. If the transaction isolation level is “read uncommitted”, which of the following schedules is not serializable? * { box-sizing: border-box; } .column { float: left; width: 20%; padding:9px; height: 400px; } .row:after { content: """"; display: table; clear: both; } 1 read(A) A=A-10 write(A) read(B) B=B+10 write(B) commit read(B) B=B-20 write(B) read(D) D=D+20 write(D) commit 2 read(A) read(B) A=A-10 B=B-20 write(A) write(B) read(B) read(D) B=B+10 write(B) commit D=D+20 write(D) commit 3 read(A) A=A-10 read(B) write(A) read(B) B=B-20 write(B) B=B+10 read(D) write(B) commit D=D+20 write(D) commit",choice,Schedule 3,nan,3,nan,Q10-18
218,210,"Consider two transactions and which are executed in the schedule below: read(D) write(D) read(A) write(A) commit read(B) write(B) abort After executing abort from , what will the transaction manager do?",choice,"Undo the operations that have not been committed, i.e., write(A) and write(B) from T1",nan,3,nan,Q10-19
219,211,"Consider two transactions and which are executed in the schedule below: read(D) write(D) read(A) write(A) commit read(B) write(B) abort If the database server goes down right after executing commit from and no changes have been written to disk yet, what will a transaction manager do after the database server is up later?",choice,"Redo the operations that have been committed, i.e., write(D) from T2",nan,3,nan,Q10-20
